Type;threads;requests_per_thread;total_sent;run;elapsed_s;client_completed;client_failed;throughput_req_s;server_accepted;server_served;server_lost;peak_rss_kb;peak_threads
unsafe;10;150;1500;1;0,0364;1500;0;41208,79;1500;1080;420;2132;7
safe;10;150;1500;1;0,0385;1500;0;38961,04;1500;1500;0;2148;3
semaphore;10;150;1500;1;0,0392;1500;0;38265,31;1500;1500;0;2172;3
producer_consumer;10;150;1500;1;0,0352;1500;0;42613,64;1500;1500;0;1984;9
;;;;;;;;;;;;;
unsafe;10;150;1500;2;0,0366;1500;0;40983,61;1500;1049;451;2148;6
safe;10;150;1500;2;0,0386;1500;0;38860,1;1500;1500;0;2140;7
semaphore;10;150;1500;2;0,0385;1500;0;38961,04;1500;1500;0;2132;2
producer_consumer;10;150;1500;2;0,0349;1500;0;42979,94;1500;1500;0;1980;9
;;;;;;;;;;;;;
unsafe;10;150;1500;3;0,0359;1500;0;41782,73;1500;1191;309;2148;7
safe;10;150;1500;3;0,0393;1500;0;38167,94;1500;1500;0;2132;12
semaphore;10;150;1500;3;0,0396;1500;0;37878,79;1500;1500;0;2148;11
producer_consumer;10;150;1500;3;0,0356;1500;0;42134,83;1500;1500;0;1984;9
;;;;;;;;;;;;;
unsafe;20;150;3000;1;0,0697;3000;0;43041,61;3000;1602;1398;2188;19
safe;20;150;3000;1;0,078;3000;0;38461,54;3000;3000;0;2180;10
semaphore;20;150;3000;1;0,0786;3000;0;38167,94;3000;3000;0;2172;15
producer_consumer;20;150;3000;1;0,0663;3000;0;45248,87;3000;3000;0;1976;9
;;;;;;;;;;;;;
unsafe;20;150;3000;2;0,0702;3000;0;42735,04;3000;1641;1359;2248;16
safe;20;150;3000;2;0,0768;3000;0;39062,5;3000;3000;0;2188;17
semaphore;20;150;3000;2;0,0815;3000;0;36809,82;3000;3000;0;2188;21
producer_consumer;20;150;3000;2;0,0671;3000;0;44709,39;3000;3000;0;1984;9
;;;;;;;;;;;;;
unsafe;20;150;3000;3;0,0698;3000;0;42979,94;3000;1708;1292;2316;19
safe;20;150;3000;3;0,0797;3000;0;37641,15;3000;3000;0;2188;20
semaphore;20;150;3000;3;0,0806;3000;0;37220,84;3000;3000;0;2148;18
producer_consumer;20;150;3000;3;0,0663;3000;0;45248,87;3000;3000;0;1984;9
;;;;;;;;;;;;;
unsafe;50;100;5000;1;0,1289;5000;0;38789,76;5000;2135;2865;2436;37
safe;50;100;5000;1;0,1311;5000;0;38138,83;5000;5000;0;2572;47
semaphore;50;100;5000;1;0,1346;5000;0;37147,1;5000;5000;0;2572;47
producer_consumer;50;100;5000;1;0,1112;5000;0;44964,03;5000;5000;0;1984;9
unsafe;50;100;5000;2;0,1331;5000;0;37565,74;5000;2262;2738;2444;29
;;;;;;;;;;;;;
safe;50;100;5000;2;0,135;5000;0;37037,04;5000;5000;0;2412;51
semaphore;50;100;5000;2;0,1361;5000;0;36737,69;5000;5000;0;2572;48
producer_consumer;50;100;5000;2;0,1093;5000;0;45745,65;5000;5000;0;1984;9
;;;;;;;;;;;;;
unsafe;50;100;5000;3;0,1215;5000;0;41152,26;5000;2396;2604;2568;34
safe;50;100;5000;3;0,1339;5000;0;37341,3;5000;5000;0;2444;49
semaphore;50;100;5000;3;0,1342;5000;0;37257,82;5000;5000;0;2556;51
producer_consumer;50;100;5000;3;0,1099;5000;0;45495,91;5000;5000;0;1984;9
;;;;;;;;;;;;;
unsafe;100;50;5000;1;1,1151;5000;0;4483,9;5000;2650;2350;2444;56
safe;100;50;5000;1;1,0528;5000;0;4749,24;5000;5000;0;2680;89
semaphore;100;50;5000;1;1,084;5000;0;4612,55;5000;5000;0;2444;61
producer_consumer;100;50;5000;1;0,12;5000;0;41666,67;5000;5000;0;1968;9
;;;;;;;;;;;;;
unsafe;100;50;5000;2;1,1055;5000;0;4522,84;5000;2700;2300;2308;28
safe;100;50;5000;2;1,1235;5000;0;4450,38;5000;5000;0;2808;93
semaphore;100;50;5000;2;1,0676;5000;0;4683,4;5000;5000;0;2696;74
producer_consumer;100;50;5000;2;0,1105;5000;0;45248,87;5000;5000;0;1988;9
;;;;;;;;;;;;;
unsafe;100;50;5000;3;1,1057;5000;0;4522,02;5000;2595;2405;2316;43
safe;100;50;5000;3;0,1345;5000;0;37174,72;5000;5000;0;2828;91
semaphore;100;50;5000;3;1,1203;5000;0;4463,09;5000;5000;0;2700;71
producer_consumer;100;50;5000;3;0,1152;5000;0;43402,78;5000;5000;0;1984;9
;;;;;;;;;;;;;
unsafe;100;5000;500000;1;12,7222;500000;0;39301,38;500000;219840;280160;2788;63
safe;100;5000;500000;1;13,4213;500000;0;37254,22;500000;500000;0;3024;101
semaphore;100;5000;500000;1;14,0992;500000;0;35463;500000;500000;0;3044;101
producer_consumer;100;5000;500000;1;10,3702;500000;0;48215,08;500000;500000;0;1984;9
;;;;;;;;;;;;;
unsafe;100;5000;500000;2;12,6435;500000;0;39546,01;500000;243326;256674;2564;62
safe;100;5000;500000;2;13,6013;500000;0;36761,19;500000;500000;0;3108;102
semaphore;100;5000;500000;2;13,8004;500000;0;36230,83;500000;500000;0;2896;97
producer_consumer;100;5000;500000;2;10,5943;500000;0;47195,19;500000;500000;0;1984;9
;;;;;;;;;;;;;
unsafe;100;5000;500000;3;13,1388;500000;0;38055,23;500000;226260;273740;2724;63
safe;100;5000;500000;3;13,6926;500000;0;36516,07;500000;500000;0;3112;101
semaphore;100;5000;500000;3;14,1428;500000;0;35353,68;500000;500000;0;2984;99
producer_consumer;100;5000;500000;3;10,5689;500000;0;47308,61;500000;500000;0;1984;9
;;;;;;;;;;;;;
unsafe;100;10000;1000000;1;26,3675;1000000;0;37925,48;1000000;458633;541367;2696;82
safe;100;10000;1000000;1;28,0179;1000000;0;35691,47;1000000;1000000;0;3088;101
semaphore;100;10000;1000000;1;27,924;1000000;0;35811,49;1000000;1000000;0;3156;102
producer_consumer;100;10000;1000000;1;21,1005;1000000;0;47392,24;1000000;1000000;0;1964;9
;;;;;;;;;;;;;
unsafe;100;10000;1000000;2;26,3251;1000000;0;37986,56;1000000;455625;544375;2744;76
safe;100;10000;1000000;2;27,5019;1000000;0;36361,12;1000000;1000000;0;3112;102
semaphore;100;10000;1000000;2;28,4081;1000000;0;35201,23;1000000;1000000;0;3092;102
producer_consumer;100;10000;1000000;2;21,2799;1000000;0;46992,7;1000000;1000000;0;1984;9
;;;;;;;;;;;;;
unsafe;100;10000;1000000;3;26,2733;1000000;0;38061,45;1000000;449076;550924;2744;68
safe;100;10000;1000000;3;27,7277;1000000;0;36065,02;1000000;1000000;0;3076;101
semaphore;100;10000;1000000;3;28,0235;1000000;0;35684,34;1000000;1000000;0;3108;102
producer_consumer;100;10000;1000000;3;21,0734;1000000;0;47453,19;1000000;1000000;0;1984;9
